TransactionID,Date,PurchaseAmount,FreeShipping,Converted
1,2024-12-09,449.84,False,False
2,2024-12-22,407.4,False,False
3,2024-11-29,577.55,True,False
4,2024-11-15,440.84,False,False
5,2024-12-13,543.71,True,True
6,2024-11-08,393.07,False,False
7,2024-11-21,491.37,False,False
8,2024-12-09,584.21,True,True
9,2024-12-28,189.12,False,False
10,2024-11-19,384.49,False,False
11,2024-11-23,509.37,True,False
12,2024-11-11,571.28,True,False
13,2024-11-11,470.31,False,True
14,2024-11-24,454.96,False,False
15,2024-12-23,611.06,True,True
16,2024-12-06,577.4,True,False
17,2024-12-10,363.14,False,False
18,2024-11-24,461.64,False,False
19,2024-11-03,486.02,False,False
20,2024-11-22,621.86,True,True
21,2024-12-23,536.61,True,True
22,2024-11-02,439.64,False,True
23,2024-11-24,472.01,False,False
24,2024-12-14,261.61,False,True
25,2024-11-30,546.86,True,False
26,2024-12-08,514.57,True,False
27,2024-11-02,571.22,True,False
28,2024-12-30,435.6,False,True
29,2024-11-21,462.8,False,False
30,2024-12-03,401.87,False,False
31,2024-11-12,335.19,False,False
32,2024-12-28,389.77,False,False
33,2024-11-22,268.07,False,True
34,2024-12-14,541.46,True,False
35,2024-11-25,232.51,False,False
36,2024-12-19,653.21,True,False
37,2024-11-27,273.59,False,False
38,2024-12-29,599.99,True,True
39,2024-12-12,359.19,False,False
40,2024-11-28,506.1,True,False
41,2024-12-30,374.76,False,False
42,2024-11-16,617.37,True,False
43,2024-11-15,454.37,False,False
44,2024-12-17,557.37,True,False
45,2024-12-21,457.6,False,True
46,2024-12-14,485.3,False,True
47,2024-12-25,511.61,True,False
48,2024-12-22,397.13,False,False
49,2024-12-27,321.97,False,False
50,2024-11-03,319.84,False,False
51,2024-12-07,455.08,False,False
52,2024-12-21,401.14,False,True
53,2024-11-07,235.41,False,False
54,2024-11-21,501.29,True,True
55,2024-11-09,328.15,False,False
56,2024-12-09,333.97,False,False
57,2024-11-18,445.84,False,True
58,2024-11-04,359.99,False,False
59,2024-11-25,462.25,False,False
60,2024-12-30,647.35,True,False
61,2024-11-14,412.09,False,False
62,2024-12-20,344.04,False,False
63,2024-12-28,468.15,False,True
64,2024-11-09,372.48,False,True
65,2024-11-26,452.38,False,True
66,2024-12-23,481.56,False,False
67,2024-11-02,446.48,False,False
68,2024-11-20,455.66,False,False
69,2024-11-28,469.21,False,True
70,2024-12-17,609.71,True,False
71,2024-12-30,424.71,False,False
72,2024-11-07,462.74,False,False
73,2024-12-14,536.68,True,False
74,2024-11-08,497.1,False,False
75,2024-12-17,414.18,False,True
76,2024-12-05,540.19,True,False
77,2024-11-14,362.88,False,False
78,2024-11-17,427.33,False,False
79,2024-12-06,372.89,False,False
80,2024-12-20,507.62,True,False
81,2024-12-10,568.96,True,False
82,2024-11-04,472.33,False,False
83,2024-11-02,457.53,False,False
84,2024-11-06,362.5,False,False
85,2024-12-24,379.74,False,False
86,2024-12-12,330.67,False,False
87,2024-11-04,232.33,False,False
88,2024-12-24,410.9,False,False
89,2024-11-29,420.19,False,True
90,2024-11-18,667.28,True,False
91,2024-11-26,606.28,True,False
92,2024-12-14,505.56,True,False
93,2024-12-04,658.45,True,False
94,2024-11-10,589.09,True,False
95,2024-12-06,249.24,False,False
96,2024-11-14,556.75,True,False
97,2024-12-01,521.15,True,True
98,2024-12-18,421.06,False,False
99,2024-11-15,308.48,False,False
100,2024-11-08,509.54,True,False
101,2024-11-14,242.09,False,False
102,2024-11-23,447.85,False,True
103,2024-12-30,388.29,False,False
104,2024-12-27,324.12,False,True
105,2024-12-10,568.88,True,True
106,2024-11-21,445.87,False,True
107,2024-11-16,467.4,False,True
108,2024-12-15,540.79,True,True
109,2024-11-18,449.12,False,False
110,2024-12-17,495.14,False,False
111,2024-12-23,531.59,True,False
112,2024-11-24,506.68,True,False
113,2024-11-26,478.6,False,False
114,2024-11-25,628.31,True,True
115,2024-12-30,574.2,True,True
116,2024-12-30,441.42,False,False
117,2024-12-30,359.03,False,True
118,2024-12-15,513.86,True,False
119,2024-12-11,471.59,False,False
120,2024-11-29,620.9,True,False
121,2024-11-15,548.75,True,True
122,2024-12-15,526.42,True,False
123,2024-11-01,451.3,False,False
124,2024-11-25,362.43,False,True
125,2024-11-07,430.2,False,False
126,2024-11-09,497.68,False,False
127,2024-11-24,277.04,False,False
128,2024-11-01,574.17,True,True
129,2024-12-14,656.7,True,False
130,2024-11-08,255.51,False,False
131,2024-11-24,309.98,False,False
132,2024-11-11,472.97,False,True
133,2024-12-21,391.74,False,False
134,2024-11-17,476.09,False,False
135,2024-11-08,442.83,False,False
136,2024-12-05,347.62,False,True
137,2024-12-05,578.84,True,False
138,2024-12-03,496.45,False,False
139,2024-12-29,394.03,False,False
140,2024-11-05,600.5,True,True
141,2024-12-12,399.16,False,True
142,2024-12-09,325.82,False,False
143,2024-12-28,468.35,False,False
144,2024-12-11,485.32,False,True
145,2024-11-28,503.19,True,False
146,2024-11-07,519.64,True,False
147,2024-11-09,501.61,True,False
148,2024-11-08,497.55,False,False
149,2024-11-12,392.62,False,False
150,2024-12-04,381.93,False,False
151,2024-12-03,524.24,True,False
152,2024-12-18,474.35,False,False
153,2024-12-25,532.02,True,True
154,2024-11-23,279.27,False,False
155,2024-11-24,399.92,False,False
156,2024-12-07,640.7,True,False
157,2024-12-05,505.25,True,False
158,2024-12-14,479.56,False,False
159,2024-12-10,520.79,True,False
160,2024-11-22,670.85,True,True
161,2024-11-27,649.8,True,False
162,2024-12-05,292.05,False,False
163,2024-11-01,328.95,False,False
164,2024-12-05,288.66,False,False
165,2024-12-07,375.29,False,False
166,2024-12-17,455.49,False,False
167,2024-11-14,474.2,False,False
168,2024-11-03,296.95,False,False
169,2024-11-01,263.26,False,False
170,2024-11-05,373.52,False,True
171,2024-11-26,541.62,True,False
172,2024-12-25,559.04,True,False
173,2024-11-14,620.58,True,False
174,2024-12-09,446.77,False,True
175,2024-11-27,532.82,True,True
176,2024-11-09,550.99,True,True
177,2024-11-15,400.31,False,True
178,2024-11-15,488.78,False,False
179,2024-11-26,515.87,True,False
180,2024-12-12,359.08,False,False
181,2024-12-30,614.21,True,True
182,2024-11-13,446.12,False,False
183,2024-12-21,458.7,False,True
184,2024-12-02,355.27,False,True
185,2024-12-09,372.06,False,False
186,2024-12-19,230.35,False,False
187,2024-12-22,455.52,False,False
188,2024-12-02,700.57,True,False
189,2024-11-04,348.14,False,False
190,2024-11-30,747.62,True,False
191,2024-12-07,591.43,True,False
192,2024-11-23,402.64,False,False
193,2024-12-09,452.73,False,True
194,2024-12-15,436.49,False,False
195,2024-11-15,620.62,True,True
196,2024-12-13,501.7,True,False
197,2024-11-29,568.2,True,False
198,2024-12-06,485.82,False,False
199,2024-11-13,438.8,False,False
200,2024-12-02,482.64,False,False
201,2024-11-07,409.31,False,True
202,2024-12-29,304.78,False,False
203,2024-12-21,531.37,True,False
204,2024-11-22,299.88,False,False
205,2024-11-28,423.12,False,True
206,2024-11-02,406.01,False,False
207,2024-12-12,514.34,True,False
208,2024-12-15,606.47,True,False
209,2024-12-27,570.5,True,False
210,2024-12-23,517.24,True,False
211,2024-11-06,387.01,False,False
212,2024-11-28,431.65,False,False
213,2024-11-28,417.07,False,True
214,2024-12-14,402.97,False,False
215,2024-12-14,409.75,False,True
216,2024-11-20,407.09,False,False
217,2024-11-30,402.66,False,False
218,2024-11-11,545.19,True,False
219,2024-12-28,344.54,False,False
220,2024-12-25,377.05,False,True
221,2024-11-28,291.66,False,True
222,2024-11-25,591.55,True,False
223,2024-12-09,370.35,False,False
224,2024-12-03,516.08,True,True
225,2024-11-01,497.53,False,False
226,2024-12-27,581.88,True,False
227,2024-11-27,429.0,False,False
228,2024-12-27,355.25,False,False
229,2024-12-22,294.43,False,False
230,2024-11-13,171.54,False,False
231,2024-12-11,466.14,False,False
232,2024-11-03,527.55,True,False
233,2024-12-09,497.17,False,False
234,2024-11-06,297.02,False,False
235,2024-11-08,553.88,True,False
236,2024-11-27,380.18,False,False
237,2024-11-09,359.31,False,True
238,2024-12-07,377.94,False,False
239,2024-12-03,457.84,False,False
240,2024-12-21,301.53,False,True
241,2024-12-12,446.3,False,False
242,2024-12-14,492.94,False,False
243,2024-11-24,560.73,True,False
244,2024-11-15,467.6,False,False
245,2024-12-29,316.04,False,False
246,2024-12-24,464.89,False,True
247,2024-12-02,343.97,False,False
248,2024-12-02,338.21,False,False
249,2024-11-24,313.73,False,False
250,2024-12-11,258.87,False,False
251,2024-12-22,393.28,False,False
252,2024-12-19,562.89,True,False
253,2024-12-19,675.65,True,False
254,2024-12-28,392.64,False,False
255,2024-12-22,558.61,True,False
256,2024-11-12,410.54,False,True
257,2024-12-09,284.93,False,True
258,2024-11-02,520.09,True,False
259,2024-11-03,473.48,False,True
260,2024-12-19,631.8,True,True
261,2024-12-07,296.53,False,False
262,2024-12-19,729.6,True,False
263,2024-12-26,609.17,True,False
264,2024-11-17,448.21,False,False
265,2024-12-29,420.14,False,False
266,2024-12-19,378.42,False,True
267,2024-11-02,460.97,False,False
268,2024-11-02,431.61,False,False
269,2024-11-28,501.38,True,False
270,2024-12-24,420.56,False,False
271,2024-11-23,591.5,True,False
272,2024-12-07,462.5,False,False
273,2024-12-02,424.32,False,False
274,2024-12-03,552.43,True,True
275,2024-11-01,287.75,False,False
276,2024-11-19,484.1,False,True
277,2024-11-02,452.56,False,True
278,2024-12-23,308.91,False,True
279,2024-12-14,279.15,False,False
280,2024-11-26,551.03,True,False
281,2024-12-02,546.28,True,True
282,2024-11-06,467.26,False,False
283,2024-12-02,621.67,True,False
284,2024-12-25,494.1,False,True
285,2024-11-04,574.98,True,False
286,2024-12-25,492.03,False,False
287,2024-11-11,422.42,False,False
288,2024-12-26,344.25,False,False
289,2024-12-29,389.66,False,True
290,2024-11-17,424.29,False,False
291,2024-12-08,586.32,True,False
292,2024-11-24,526.99,True,False
293,2024-11-05,483.03,False,True
294,2024-12-22,537.0,True,False
295,2024-12-04,502.74,True,False
296,2024-11-06,476.19,False,True
297,2024-11-22,300.13,False,False
298,2024-11-11,563.92,True,False
299,2024-12-18,404.15,False,False
300,2024-11-16,558.85,True,False
301,2024-12-03,568.52,True,False
302,2024-11-09,383.0,False,False
303,2024-12-30,544.97,True,False
304,2024-12-29,413.9,False,True
305,2024-11-06,414.5,False,False
306,2024-11-16,475.75,False,False
307,2024-11-29,478.45,False,False
308,2024-11-03,453.86,False,False
309,2024-11-20,316.57,False,True
310,2024-12-30,437.86,False,False
311,2024-12-29,677.85,True,False
312,2024-12-06,171.6,False,False
313,2024-11-19,536.97,True,False
314,2024-11-26,555.71,True,False
315,2024-11-03,314.17,False,True
316,2024-11-19,403.06,False,False
317,2024-11-20,349.93,False,True
318,2024-12-02,635.4,True,True
319,2024-11-07,560.3,True,False
320,2024-12-22,565.14,True,True
321,2024-12-11,462.06,False,False
322,2024-12-03,581.21,True,False
323,2024-12-10,449.18,False,False
324,2024-12-09,585.92,True,True
325,2024-11-18,435.13,False,False
326,2024-12-10,382.08,False,True
327,2024-11-01,631.1,True,False
328,2024-11-11,447.92,False,False
329,2024-11-28,360.12,False,False
330,2024-12-27,359.04,False,False
331,2024-11-25,359.34,False,False
332,2024-12-20,534.44,True,True
333,2024-11-23,440.11,False,False
334,2024-12-01,679.8,True,False
335,2024-11-30,568.62,True,False
336,2024-12-12,475.71,False,False
337,2024-12-05,590.39,True,True
338,2024-11-07,400.45,False,True
339,2024-12-30,264.52,False,False
340,2024-11-16,351.04,False,False
341,2024-11-26,464.72,False,False
342,2024-12-18,427.75,False,False
343,2024-12-27,532.44,True,True
344,2024-12-22,437.54,False,False
345,2024-12-30,524.8,True,False
346,2024-12-19,600.1,True,False
347,2024-11-02,437.23,False,False
348,2024-11-01,505.51,True,False
349,2024-12-18,274.52,False,False
350,2024-11-12,437.61,False,False
351,2024-11-05,326.8,False,True
352,2024-12-07,464.52,False,False
353,2024-12-02,473.6,False,True
354,2024-12-29,473.27,False,False
355,2024-12-25,401.99,False,True
356,2024-11-09,679.85,True,False
357,2024-12-11,323.2,False,True
358,2024-12-05,317.09,False,False
359,2024-11-19,615.5,True,False
360,2024-12-18,379.57,False,True
361,2024-11-16,355.53,False,True
362,2024-11-03,680.29,True,False
363,2024-11-20,548.57,True,False
364,2024-11-24,390.55,False,False
365,2024-12-24,471.75,False,False
366,2024-12-26,644.59,True,True
367,2024-12-03,519.16,True,False
368,2024-11-24,578.61,True,False
369,2024-12-22,530.48,True,False
370,2024-11-11,543.03,True,False
371,2024-12-19,453.97,False,False
372,2024-11-08,451.13,False,False
373,2024-12-06,476.71,False,True
374,2024-12-08,523.45,True,False
375,2024-12-10,421.67,False,False
376,2024-11-20,462.21,False,False
377,2024-12-05,418.97,False,True
378,2024-12-18,461.57,False,True
379,2024-11-25,324.9,False,False
380,2024-12-05,710.6,True,False
381,2024-11-25,376.71,False,False
382,2024-11-29,413.85,False,False
383,2024-11-18,368.07,False,True
384,2024-12-16,511.57,True,False
385,2024-11-18,430.4,False,False
386,2024-11-02,353.62,False,False
387,2024-12-24,515.69,True,True
388,2024-12-05,529.16,True,False
389,2024-11-16,443.31,False,True
390,2024-12-11,383.64,False,False
391,2024-12-06,669.11,True,True
392,2024-12-03,484.01,False,False
393,2024-11-04,322.59,False,False
394,2024-12-03,591.4,True,False
395,2024-11-14,364.42,False,False
396,2024-11-21,724.19,True,False
397,2024-12-18,457.97,False,False
398,2024-11-20,551.33,True,False
399,2024-12-26,242.0,False,False
400,2024-11-08,321.59,False,False
401,2024-11-07,583.39,True,False
402,2024-11-03,481.78,False,False
403,2024-11-17,654.24,True,False
404,2024-12-03,498.52,False,False
405,2024-12-18,464.53,False,True
406,2024-11-12,621.36,True,True
407,2024-12-29,551.01,True,True
408,2024-12-21,430.37,False,True
409,2024-11-22,340.59,False,False
410,2024-12-25,212.84,False,False
411,2024-11-22,406.23,False,False
412,2024-12-16,331.37,False,True
413,2024-11-30,709.77,True,True
414,2024-12-08,384.96,False,False
415,2024-12-08,382.23,False,False
416,2024-12-15,297.88,False,True
417,2024-12-21,423.37,False,False
418,2024-12-24,383.55,False,False
419,2024-11-08,623.77,True,False
420,2024-11-27,466.85,False,False
421,2024-11-27,449.11,False,False
422,2024-12-04,436.53,False,False
423,2024-11-21,528.62,True,False
424,2024-11-30,404.77,False,False
425,2024-12-03,516.72,True,True
426,2024-11-28,611.4,True,False
427,2024-12-17,496.01,False,False
428,2024-12-03,425.03,False,False
429,2024-11-05,354.65,False,False
430,2024-12-30,422.49,False,False
431,2024-12-18,506.31,True,True
432,2024-11-19,296.75,False,False
433,2024-11-04,533.15,True,False
434,2024-12-05,470.76,False,False
435,2024-12-19,435.08,False,False
436,2024-11-17,384.06,False,True
437,2024-12-14,402.36,False,False
438,2024-11-28,509.73,True,True
439,2024-11-30,437.18,False,False
440,2024-11-29,399.89,False,True
441,2024-12-16,496.86,False,False
442,2024-12-23,500.82,True,True
443,2024-11-06,325.08,False,False
444,2024-12-05,507.15,True,False
445,2024-12-30,700.17,True,True
446,2024-12-11,496.96,False,False
447,2024-12-07,280.1,False,True
448,2024-11-24,467.74,False,True
449,2024-11-29,266.92,False,False
450,2024-12-19,766.74,True,False
451,2024-12-16,673.57,True,False
452,2024-12-23,383.41,False,False
453,2024-12-01,225.43,False,False
454,2024-12-05,362.16,False,True
455,2024-12-30,431.9,False,False
456,2024-12-03,273.81,False,False
457,2024-12-22,443.1,False,False
458,2024-11-21,431.24,False,False
459,2024-12-02,462.52,False,False
460,2024-11-23,472.96,False,False
461,2024-12-03,353.44,False,False
462,2024-11-03,364.66,False,False
463,2024-11-18,454.56,False,False
464,2024-11-25,386.9,False,False
465,2024-12-12,540.75,True,True
466,2024-12-01,453.59,False,True
467,2024-12-24,636.5,True,False
468,2024-12-28,532.05,True,False
469,2024-11-03,560.37,True,True
470,2024-12-10,463.26,False,False
471,2024-12-16,465.74,False,False
472,2024-11-24,623.13,True,False
473,2024-12-20,412.17,False,False
474,2024-12-02,504.68,True,False
475,2024-12-17,423.38,False,False
476,2024-11-22,423.14,False,False
477,2024-11-23,333.11,False,False
478,2024-11-02,375.75,False,False
479,2024-11-27,357.17,False,False
480,2024-12-12,509.44,True,True
481,2024-11-02,554.02,True,False
482,2024-11-26,440.52,False,False
483,2024-11-17,472.96,False,False
484,2024-12-10,434.75,False,False
485,2024-12-03,368.92,False,False
486,2024-11-09,536.23,True,True
487,2024-12-13,515.25,True,False
488,2024-12-24,260.75,False,True
489,2024-12-18,421.69,False,False
490,2024-12-09,361.8,False,False
491,2024-11-29,410.91,False,False
492,2024-12-12,382.96,False,False
493,2024-12-25,445.36,False,False
494,2024-11-26,417.01,False,False
495,2024-12-05,414.89,False,False
496,2024-12-20,560.74,True,True
497,2024-11-25,505.72,True,False
498,2024-11-24,379.61,False,True
499,2024-11-13,394.45,False,False
500,2024-12-30,499.18,False,False
501,2024-12-28,499.04,False,True
502,2024-11-07,389.62,False,False
503,2024-12-27,426.6,False,False
504,2024-12-06,634.68,True,False
505,2024-12-15,391.35,False,False
506,2024-11-20,641.08,True,True
507,2024-11-01,560.37,True,False
508,2024-11-08,622.54,True,True
509,2024-12-16,387.09,False,False
510,2024-11-16,433.14,False,False
511,2024-11-14,405.08,False,False
512,2024-11-12,562.68,True,False
513,2024-12-21,393.23,False,True
514,2024-11-23,523.12,True,False
515,2024-11-15,517.83,True,False
516,2024-11-28,445.2,False,True
517,2024-12-04,579.87,True,False
518,2024-11-02,460.77,False,False
519,2024-12-02,533.41,True,False
520,2024-11-23,400.53,False,False
521,2024-11-22,377.66,False,False
522,2024-12-21,523.11,True,True
523,2024-11-25,493.08,False,False
524,2024-12-28,474.33,False,False
525,2024-11-22,415.63,False,False
526,2024-12-28,604.92,True,False
527,2024-12-28,338.34,False,False
528,2024-11-22,332.87,False,False
529,2024-12-19,544.22,True,False
530,2024-12-22,536.01,True,False
531,2024-12-12,485.38,False,False
532,2024-11-06,421.2,False,False
533,2024-11-15,500.24,True,False
534,2024-12-24,622.08,True,False
535,2024-12-13,701.55,True,True
536,2024-12-30,284.36,False,True
537,2024-12-07,408.11,False,True
538,2024-12-03,401.82,False,True
539,2024-11-08,612.65,True,False
540,2024-12-23,201.87,False,False
541,2024-12-30,501.38,True,False
542,2024-12-14,424.32,False,False
543,2024-12-14,613.81,True,False
544,2024-11-05,600.1,True,False
545,2024-12-09,486.55,False,False
546,2024-11-04,292.03,False,False
547,2024-11-06,392.61,False,False
548,2024-12-15,403.56,False,True
549,2024-12-02,317.35,False,False
550,2024-12-22,565.46,True,False
551,2024-11-30,304.66,False,False
552,2024-12-17,646.53,True,True
553,2024-12-05,646.28,True,False
554,2024-12-25,411.49,False,False
555,2024-12-10,482.85,False,True
556,2024-12-22,442.77,False,False
557,2024-11-16,540.18,True,False
558,2024-11-13,577.47,True,False
559,2024-12-20,475.8,False,True
560,2024-12-30,496.91,False,False
561,2024-12-12,387.94,False,False
562,2024-11-30,493.67,False,False
563,2024-11-19,466.28,False,False
564,2024-11-17,358.82,False,False
565,2024-12-26,448.6,False,False
566,2024-11-19,411.68,False,False
567,2024-11-28,389.05,False,False
568,2024-12-28,335.35,False,True
569,2024-12-25,456.25,False,False
570,2024-11-26,371.95,False,True
571,2024-12-07,402.89,False,False
572,2024-11-26,557.51,True,True
573,2024-12-23,513.21,True,False
574,2024-11-23,352.12,False,False
575,2024-11-09,485.19,False,False
576,2024-11-12,463.28,False,True
577,2024-12-23,620.17,True,False
578,2024-11-01,588.31,True,True
579,2024-12-28,296.63,False,False
580,2024-12-28,536.11,True,False
581,2024-11-01,576.52,True,False
582,2024-12-17,505.94,True,False
583,2024-12-04,416.46,False,False
584,2024-12-02,691.34,True,True
585,2024-12-24,515.14,True,False
586,2024-12-18,647.65,True,False
587,2024-11-25,585.15,True,False
588,2024-12-10,496.41,False,True
589,2024-12-15,392.03,False,False
590,2024-12-23,447.59,False,False
591,2024-11-01,427.81,False,False
592,2024-11-16,328.55,False,False
593,2024-12-09,515.03,True,False
594,2024-11-05,606.74,True,True
595,2024-11-22,420.17,False,True
596,2024-11-29,666.37,True,False
597,2024-12-25,294.24,False,False
598,2024-11-03,555.44,True,False
599,2024-11-12,617.15,True,False
600,2024-11-26,429.6,False,True
601,2024-11-16,431.39,False,True
602,2024-12-21,554.28,True,True
603,2024-12-07,500.6,True,False
604,2024-11-22,250.26,False,False
605,2024-12-27,365.66,False,False
606,2024-11-29,448.65,False,False
607,2024-11-14,313.03,False,True
608,2024-11-28,402.58,False,False
609,2024-11-05,315.53,False,True
610,2024-12-17,412.98,False,False
611,2024-12-19,416.34,False,False
612,2024-11-30,485.18,False,False
613,2024-12-16,440.82,False,False
614,2024-12-22,500.28,True,False
615,2024-11-05,488.35,False,False
616,2024-11-12,553.13,True,False
617,2024-11-16,537.38,True,True
618,2024-11-26,526.81,True,False
619,2024-11-26,760.49,True,True
620,2024-12-18,484.74,False,True
621,2024-11-21,709.36,True,False
622,2024-12-09,491.22,False,False
623,2024-12-06,441.71,False,False
624,2024-12-03,412.68,False,False
625,2024-11-30,600.97,True,False
626,2024-12-07,614.05,True,True
627,2024-11-23,509.98,True,True
628,2024-12-28,563.35,True,False
629,2024-11-10,322.28,False,False
630,2024-12-24,295.12,False,False
631,2024-11-05,574.63,True,False
632,2024-12-06,437.32,False,True
633,2024-12-04,524.93,True,False
634,2024-12-22,378.27,False,False
635,2024-12-01,615.7,True,True
636,2024-11-10,295.96,False,False
637,2024-12-28,311.44,False,False
638,2024-11-19,594.43,True,True
639,2024-12-28,189.02,False,False
640,2024-12-02,487.86,False,False
641,2024-11-01,439.27,False,True
642,2024-12-26,376.4,False,False
643,2024-11-05,430.01,False,False
644,2024-12-15,365.25,False,False
645,2024-11-04,604.23,True,False
646,2024-11-16,630.45,True,False
647,2024-11-24,381.43,False,False
648,2024-11-16,477.55,False,False
649,2024-12-25,317.49,False,False
650,2024-11-02,557.31,True,False
651,2024-12-19,554.7,True,True
652,2024-11-28,420.47,False,False
653,2024-12-02,451.69,False,False
654,2024-11-27,440.62,False,False
655,2024-11-20,288.15,False,True
656,2024-11-24,604.6,True,False
657,2024-11-12,373.3,False,False
658,2024-12-20,373.99,False,False
659,2024-12-05,434.96,False,False
660,2024-12-30,549.55,True,True
661,2024-12-03,390.87,False,False
662,2024-12-03,254.78,False,False
663,2024-12-21,361.3,False,True
664,2024-12-13,492.41,False,False
665,2024-12-07,668.98,True,False
666,2024-11-12,324.01,False,True
667,2024-11-03,320.35,False,False
668,2024-11-01,298.74,False,False
669,2024-12-03,286.33,False,False
670,2024-12-10,570.57,True,True
671,2024-11-10,599.47,True,False
672,2024-12-13,467.78,False,False
673,2024-12-14,403.23,False,False
674,2024-11-29,629.11,True,False
675,2024-11-13,467.39,False,False
676,2024-11-12,558.94,True,False
677,2024-12-01,398.36,False,False
678,2024-12-16,454.42,False,False
679,2024-11-02,326.27,False,False
680,2024-12-21,512.92,True,False
681,2024-12-20,469.09,False,False
682,2024-12-05,360.54,False,False
683,2024-11-23,361.89,False,False
684,2024-11-17,611.6,True,False
685,2024-11-26,647.17,True,False
686,2024-11-08,428.69,False,False
687,2024-11-29,456.78,False,False
688,2024-11-26,490.01,False,False
689,2024-11-10,464.8,False,False
690,2024-11-26,282.57,False,True
691,2024-12-04,492.79,False,True
692,2024-12-21,241.21,False,False
693,2024-12-11,376.73,False,False
694,2024-11-07,500.54,True,True
695,2024-11-04,510.0,True,False
696,2024-12-28,368.99,False,False
697,2024-12-23,404.16,False,True
698,2024-12-20,390.62,False,False
699,2024-12-15,439.72,False,False
700,2024-11-11,447.32,False,False
701,2024-11-29,516.85,True,False
702,2024-12-26,398.31,False,False
703,2024-12-06,487.34,False,True
704,2024-11-25,500.7,True,False
705,2024-11-21,469.83,False,False
706,2024-12-27,424.04,False,False
707,2024-12-06,468.06,False,False
708,2024-11-10,525.17,True,False
709,2024-12-07,533.92,True,False
710,2024-11-09,631.54,True,False
711,2024-11-24,351.0,False,False
712,2024-12-05,406.0,False,False
713,2024-12-19,288.65,False,False
714,2024-12-05,543.1,True,True
715,2024-12-18,416.55,False,False
716,2024-12-06,470.62,False,True
717,2024-11-18,389.57,False,True
718,2024-12-19,417.33,False,True
719,2024-12-09,572.32,True,False
720,2024-12-02,519.42,True,False
721,2024-11-24,438.85,False,True
722,2024-11-23,526.78,True,True
723,2024-12-02,528.99,True,False
724,2024-12-07,410.86,False,False
725,2024-11-12,303.09,False,False
726,2024-12-19,360.08,False,False
727,2024-12-25,315.95,False,False
728,2024-11-13,566.44,True,True
729,2024-11-23,583.81,True,False
730,2024-11-25,608.64,True,False
731,2024-12-05,248.04,False,False
732,2024-12-11,557.14,True,False
733,2024-11-30,671.22,True,True
734,2024-11-17,561.2,True,False
735,2024-12-19,234.88,False,False
736,2024-11-20,626.83,True,False
737,2024-12-18,454.17,False,False
738,2024-11-25,426.76,False,False
739,2024-11-22,495.11,False,True
740,2024-11-13,345.1,False,True
741,2024-12-29,450.28,False,False
742,2024-11-19,612.04,True,False
743,2024-12-19,512.24,True,True
744,2024-12-06,455.84,False,False
745,2024-11-12,458.96,False,False
746,2024-12-11,331.86,False,False
747,2024-11-19,435.0,False,True
748,2024-11-12,286.57,False,False
749,2024-11-09,552.24,True,False
750,2024-11-07,231.43,False,False
751,2024-11-28,535.49,True,False
752,2024-11-14,547.94,True,False
753,2024-12-01,581.88,True,True
754,2024-12-22,458.69,False,True
755,2024-11-19,541.66,True,True
756,2024-12-28,434.03,False,True
757,2024-12-17,331.33,False,False
758,2024-11-16,603.07,True,False
759,2024-12-23,440.31,False,False
760,2024-11-05,309.05,False,False
761,2024-12-05,403.32,False,True
762,2024-11-12,407.27,False,False
763,2024-11-25,496.17,False,False
764,2024-12-22,684.7,True,False
765,2024-12-29,502.24,True,True
766,2024-11-21,470.68,False,False
767,2024-12-06,695.58,True,False
768,2024-12-23,547.89,True,False
769,2024-11-23,475.42,False,False
770,2024-11-16,402.06,False,False
771,2024-12-27,481.62,False,False
772,2024-12-09,443.36,False,False
773,2024-12-15,459.14,False,False
774,2024-12-23,581.44,True,True
775,2024-12-12,395.97,False,False
776,2024-12-28,501.35,True,True
777,2024-12-09,544.89,True,False
778,2024-11-14,383.79,False,True
779,2024-12-01,367.74,False,False
780,2024-12-28,434.97,False,False
781,2024-11-05,403.84,False,False
782,2024-12-05,565.23,True,True
783,2024-11-23,349.82,False,False
784,2024-11-29,456.85,False,False
785,2024-12-13,704.6,True,False
786,2024-11-11,491.31,False,False
787,2024-11-18,507.93,True,False
788,2024-12-17,566.07,True,True
789,2024-11-12,403.71,False,True
790,2024-11-09,341.86,False,False
791,2024-11-10,467.65,False,False
792,2024-12-28,476.54,False,False
793,2024-12-14,288.18,False,False
794,2024-11-17,487.51,False,False
795,2024-12-08,556.99,True,False
796,2024-11-07,358.71,False,False
797,2024-12-16,493.56,False,False
798,2024-11-13,539.23,True,True
799,2024-12-10,508.67,True,False
800,2024-12-12,518.1,True,False
801,2024-11-09,425.52,False,True
802,2024-12-20,337.25,False,False
803,2024-11-27,405.29,False,False
804,2024-12-28,391.39,False,False
805,2024-11-02,441.97,False,False
806,2024-11-05,559.33,True,False
807,2024-11-29,318.82,False,False
808,2024-12-07,464.43,False,False
809,2024-12-08,343.66,False,False
810,2024-11-19,376.0,False,False
811,2024-11-08,505.87,True,True
812,2024-12-18,331.01,False,True
813,2024-12-15,523.42,True,False
814,2024-11-01,314.78,False,False
815,2024-11-22,516.7,True,False
816,2024-12-22,295.05,False,False
817,2024-11-17,388.22,False,True
818,2024-11-07,639.65,True,True
819,2024-11-25,620.85,True,False
820,2024-12-15,408.75,False,True
821,2024-11-04,489.0,False,False
822,2024-12-06,570.41,True,True
823,2024-11-06,518.13,True,False
824,2024-12-30,422.65,False,False
825,2024-12-01,375.14,False,False
826,2024-11-19,536.81,True,False
827,2024-12-14,563.07,True,False
828,2024-12-24,621.57,True,False
829,2024-12-09,281.28,False,True
830,2024-11-27,324.69,False,False
831,2024-11-10,566.19,True,False
832,2024-11-26,294.85,False,False
833,2024-11-19,573.85,True,False
834,2024-12-09,428.51,False,True
835,2024-11-03,397.91,False,False
836,2024-12-15,470.54,False,False
837,2024-11-13,315.46,False,True
838,2024-12-20,532.4,True,False
839,2024-11-28,618.96,True,True
840,2024-12-28,537.06,True,False
841,2024-11-20,425.35,False,False
842,2024-11-28,296.2,False,False
843,2024-11-08,300.04,False,False
844,2024-12-11,317.04,False,False
845,2024-12-09,448.77,False,False
846,2024-11-01,461.34,False,False
847,2024-11-03,536.84,True,False
848,2024-11-13,270.4,False,False
849,2024-11-28,581.12,True,True
850,2024-12-27,519.44,True,False
851,2024-12-30,417.32,False,False
852,2024-12-19,331.02,False,True
853,2024-11-25,574.91,True,False
854,2024-12-26,419.99,False,False
855,2024-12-03,448.0,False,True
856,2024-12-08,488.36,False,False
857,2024-12-23,358.68,False,False
858,2024-11-06,421.78,False,False
859,2024-12-28,536.53,True,True
860,2024-12-14,526.41,True,True
861,2024-12-15,527.31,True,False
862,2024-12-02,334.48,False,False
863,2024-12-15,426.34,False,False
864,2024-12-17,410.36,False,False
865,2024-11-21,492.52,False,True
866,2024-11-16,483.57,False,False
867,2024-12-24,465.54,False,False
868,2024-11-21,696.57,True,False
869,2024-11-11,420.92,False,False
870,2024-12-30,409.22,False,False
871,2024-12-07,334.33,False,False
872,2024-12-06,296.22,False,True
873,2024-12-05,327.97,False,False
874,2024-11-19,378.13,False,False
875,2024-11-20,581.01,True,False
876,2024-12-27,453.92,False,False
877,2024-11-18,469.33,False,False
878,2024-12-17,440.37,False,False
879,2024-12-11,486.53,False,True
880,2024-12-19,590.21,True,False
881,2024-11-14,250.61,False,False
882,2024-11-15,571.83,True,False
883,2024-12-01,198.5,False,False
884,2024-11-01,452.82,False,False
885,2024-12-23,669.19,True,True
886,2024-12-24,518.07,True,False
887,2024-12-24,487.31,False,False
888,2024-11-03,650.19,True,True
889,2024-11-16,379.69,False,False
890,2024-11-23,493.4,False,False
891,2024-12-27,507.81,True,True
892,2024-11-11,397.76,False,False
893,2024-11-12,406.59,False,False
894,2024-11-10,395.62,False,False
895,2024-12-02,458.73,False,False
896,2024-11-16,504.67,True,True
897,2024-11-08,462.32,False,False
898,2024-12-08,520.95,True,False
899,2024-11-12,253.09,False,False
900,2024-11-24,428.17,False,False
901,2024-11-28,347.66,False,False
902,2024-12-23,480.17,False,False
903,2024-11-08,478.69,False,False
904,2024-12-28,438.44,False,False
905,2024-11-28,501.03,True,False
906,2024-12-06,549.78,True,False
907,2024-11-26,443.95,False,False
908,2024-11-08,344.83,False,False
909,2024-12-28,291.87,False,True
910,2024-12-30,453.61,False,False
911,2024-12-20,474.19,False,False
912,2024-11-28,353.05,False,False
913,2024-11-28,522.58,True,False
914,2024-12-07,404.1,False,False
915,2024-12-11,284.36,False,True
916,2024-12-06,575.64,True,False
917,2024-11-27,564.4,True,False
918,2024-12-24,248.44,False,False
919,2024-11-17,393.74,False,False
920,2024-11-09,389.84,False,False
921,2024-12-03,613.95,True,False
922,2024-12-23,440.07,False,False
923,2024-11-20,300.41,False,False
924,2024-11-13,538.21,True,False
925,2024-11-28,326.92,False,False
926,2024-12-18,423.97,False,False
927,2024-11-29,373.02,False,False
928,2024-11-13,393.95,False,False
929,2024-12-16,543.73,True,False
930,2024-12-05,602.13,True,False
931,2024-11-06,322.56,False,False
932,2024-11-18,512.61,True,False
933,2024-12-21,376.72,False,False
934,2024-11-05,379.83,False,False
935,2024-12-17,499.06,False,True
936,2024-11-25,347.21,False,False
937,2024-11-02,497.06,False,False
938,2024-11-10,523.01,True,False
939,2024-12-26,406.75,False,False
940,2024-11-30,582.71,True,False
941,2024-12-20,322.72,False,False
942,2024-12-29,584.54,True,True
943,2024-12-15,255.6,False,False
944,2024-11-05,719.97,True,False
945,2024-12-25,409.38,False,False
946,2024-12-26,333.77,False,False
947,2024-12-03,426.73,False,False
948,2024-12-24,345.35,False,True
949,2024-11-01,488.7,False,False
950,2024-11-18,586.77,True,False
951,2024-12-02,350.65,False,False
952,2024-12-17,507.94,True,False
953,2024-12-19,296.73,False,False
954,2024-11-11,553.3,True,False
955,2024-11-21,491.62,False,False
956,2024-11-26,557.62,True,False
957,2024-11-25,437.77,False,False
958,2024-11-22,406.48,False,False
959,2024-12-29,531.61,True,True
960,2024-11-27,319.2,False,False
961,2024-12-19,275.72,False,False
962,2024-11-13,449.5,False,False
963,2024-12-03,411.04,False,False
964,2024-12-04,505.38,True,False
965,2024-12-11,559.16,True,False
966,2024-12-05,503.3,True,True
967,2024-11-01,551.19,True,False
968,2024-11-21,482.11,False,False
969,2024-12-18,499.46,False,False
970,2024-12-25,438.33,False,False
971,2024-11-06,496.5,False,True
972,2024-11-28,466.67,False,False
973,2024-11-17,482.52,False,False
974,2024-11-05,433.33,False,False
975,2024-12-01,530.89,True,False
976,2024-11-05,378.95,False,False
977,2024-12-08,448.17,False,False
978,2024-11-03,581.18,True,False
979,2024-12-23,355.13,False,False
980,2024-11-23,233.82,False,True
981,2024-12-07,486.65,False,False
982,2024-12-23,424.3,False,True
983,2024-12-07,551.09,True,True
984,2024-11-10,436.95,False,False
985,2024-11-10,389.57,False,False
986,2024-11-19,442.42,False,False
987,2024-11-17,559.31,True,False
988,2024-11-21,507.54,True,False
989,2024-11-14,206.61,False,False
990,2024-11-09,468.58,False,False
991,2024-12-16,473.58,False,False
992,2024-11-01,448.18,False,False
993,2024-12-21,388.91,False,False
994,2024-12-15,569.45,True,False
995,2024-11-13,574.4,True,True
996,2024-11-04,229.68,False,False
997,2024-11-01,370.2,False,False
998,2024-12-19,435.53,False,False
999,2024-12-10,544.85,True,False
1000,2024-12-02,453.49,False,False
